{"min": [-0.378512, -0.738694, -0.531734], "max": [0.412711, 0.777815, 0.608395]}