{"min": [-0.475364, -0.84335, -0.426612], "max": [0.471073, 0.711511, 0.47194]}