{"min": [-0.718426, -0.609999, -0.346268], "max": [0.699575, 0.644387, 0.378639]}