{"min": [-0.679701, -0.581139, -0.429395], "max": [0.635222, 0.678996, 0.517989]}