{"min": [-0.584428, -0.806531, -0.423322], "max": [0.595123, 0.700673, 0.433796]}