{"min": [-0.412576, -0.826871, -0.577189], "max": [0.385874, 0.703491, 0.550034]}