{"min": [-0.756361, -0.651608, -0.348319], "max": [0.713536, 0.648685, 0.402271]}