{"min": [-0.295698, -0.8691, -0.525254], "max": [0.290004, 0.814794, 0.578202]}