{"min": [-0.377444, -0.788158, -0.535284], "max": [0.381203, 0.665915, 0.556588]}