{"min": [-0.781579, -0.637236, -0.262492], "max": [0.754326, 0.642685, 0.324138]}