{"min": [-0.602252, -0.807102, -0.425713], "max": [0.587731, 0.713431, 0.450551]}