{"min": [-0.440079, -0.843356, -0.446264], "max": [0.43337, 0.830754, 0.531817]}