{"min": [-0.413426, -0.849222, -0.580067], "max": [0.413247, 0.735235, 0.596602]}