{"min": [-0.269245, -0.806224, -0.580221], "max": [0.283839, 0.783892, 0.613807]}