{"min": [-0.467807, -0.81184, -0.440867], "max": [0.462574, 0.716643, 0.461824]}