{"min": [-0.730164, -0.605277, -0.437507], "max": [0.767154, 0.624663, 0.485194]}