{"min": [-0.527791, -0.786572, -0.406626], "max": [0.508294, 0.7028, 0.44041]}