{"min": [-0.459828, -0.821882, -0.585127], "max": [0.501839, 0.727472, 0.640332]}