{"min": [-0.468623, -0.789029, -0.517885], "max": [0.435431, 0.696202, 0.598729]}