{"min": [-0.470012, -0.782691, -0.547981], "max": [0.465467, 0.754167, 0.626936]}