{"min": [-0.311741, -0.923734, -0.542188], "max": [0.279498, 0.776075, 0.5852]}