{"min": [-0.283711, -0.855576, -0.575819], "max": [0.281915, 0.770599, 0.649704]}