{"min": [-0.428899, -0.851878, -0.55946], "max": [0.381272, 0.70095, 0.627666]}