{"min": [-0.452542, -0.753457, -0.526641], "max": [0.456358, 0.739737, 0.604075]}