{"min": [-0.413917, -0.850601, -0.467599], "max": [0.45898, 0.822452, 0.508349]}