{"min": [-0.478634, -0.822242, -0.581792], "max": [0.454325, 0.710477, 0.578854]}