{"min": [-0.383066, -0.816287, -0.527209], "max": [0.400713, 0.685956, 0.587842]}