{"min": [-0.480159, -0.868866, -0.430389], "max": [0.492173, 0.728538, 0.490174]}