{"min": [-0.217262, -0.873838, -0.599254], "max": [0.220493, 0.804225, 0.660813]}