{"min": [-0.51745, -0.75257, -0.513624], "max": [0.49416, 0.701619, 0.560756]}