{"min": [-0.403939, -0.783132, -0.55999], "max": [0.395173, 0.7485, 0.591509]}