{"min": [-0.724579, -0.664118, -0.359065], "max": [0.769361, 0.657443, 0.421423]}