{"min": [-0.428896, -0.677443, -0.512214], "max": [0.450549, 0.76736, 0.571388]}