{"min": [-0.388722, -0.815163, -0.543941], "max": [0.403265, 0.702811, 0.606975]}