{"min": [-0.593417, -0.773579, -0.310265], "max": [0.628976, 0.766443, 0.332764]}