{"min": [-0.710039, -0.689834, -0.292782], "max": [0.692709, 0.712914, 0.357859]}