{"min": [-0.654141, -0.640406, -0.452358], "max": [0.646376, 0.605924, 0.485861]}