{"min": [-0.483947, -0.846455, -0.445642], "max": [0.48405, 0.743825, 0.479141]}