{"min": [-0.649976, -0.572442, -0.447532], "max": [0.652789, 0.676041, 0.475089]}