{"min": [-0.60216, -0.809136, -0.440833], "max": [0.599201, 0.725936, 0.465749]}