{"min": [-0.668606, -0.655954, -0.468722], "max": [0.666296, 0.623328, 0.501168]}