{"min": [-0.501581, -0.831254, -0.56806], "max": [0.46402, 0.755091, 0.623136]}