{"min": [-0.664373, -0.639372, -0.459502], "max": [0.645022, 0.615465, 0.490719]}