{"min": [-0.78851, -0.551546, -0.302963], "max": [0.800998, 0.580376, 0.377395]}