{"min": [-0.786328, -0.591236, -0.255882], "max": [0.778344, 0.612358, 0.320841]}