{"min": [-0.204145, -0.835056, -0.562893], "max": [0.208967, 0.748543, 0.636281]}