{"min": [-0.851941, -0.519993, -0.268683], "max": [0.860021, 0.464385, 0.305538]}