{"min": [-0.458253, -0.808709, -0.424048], "max": [0.452028, 0.686753, 0.438823]}