{"min": [-0.41575, -0.865645, -0.457433], "max": [0.436674, 0.768167, 0.485265]}